{
  "known-properties": true,
  "empty-rules": true,
  "unique-headings": false,    
  "errors": false,
  "important": false,
  "adjoining-classes": false,
  "box-sizing": false,
  "box-model": false,
  "overqualified-elements": false,
  "display-property-grouping": false,
  "bulletproof-font-face": false,
  "compatible-vendor-prefixes": false,
  "regex-selectors": false,
  "duplicate-background-images": false,
  "duplicate-properties": false,
  "selector-max-approaching": false,
  "gradients": false,
  "fallback-colors": false,
  "font-sizes": false,
  "font-faces": false,
  "floats": false,
  "star-property-hack": false,
  "outline-none": false,
  "import": false,
  "ids": false,
  "underscore-property-hack": false,
  "rules-count": false,
  "qualified-headings": false,
  "selector-max": false,
  "shorthand": false,
  "text-indent": false,
  "universal-selector": false,
  "unqualified-attributes": false,
  "vendor-prefix": false,
  "zero-units": false
}